<?xml version="1.0" encoding="UTF-8"?>
<project-private xmlns="http://www.netbeans.org/ns/project-private/1">
    <editor-bookmarks xmlns="http://www.netbeans.org/ns/editor-bookmarks/2" lastBookmarkId="0"/>
    <open-files xmlns="http://www.netbeans.org/ns/projectui-open-files/2">
        <group>
            <file>file:/C:/Users/ibrah/Documents/NetBeansProjects/final%20java%20project/src/pkgfinal/java/project/PanelPackege/view.java</file>
            <file>file:/C:/Users/ibrah/Documents/NetBeansProjects/final%20java%20project/src/pkgfinal/java/project/customer.java</file>
            <file>file:/C:/Users/ibrah/Documents/NetBeansProjects/final%20java%20project/src/pkgfinal/java/project/PanelPackege/AddUser.java</file>
            <file>file:/C:/Users/ibrah/Documents/NetBeansProjects/final%20java%20project/src/pkgfinal/java/project/admin.java</file>
            <file>file:/C:/Users/ibrah/Documents/NetBeansProjects/final%20java%20project/src/pkgfinal/java/project/PanelPackege/viewAllBillsOfSpecificRegion.java</file>
            <file>file:/C:/Users/ibrah/Documents/NetBeansProjects/final%20java%20project/src/pkgfinal/java/project/PanelPackege/validate.java</file>
            <file>file:/C:/Users/ibrah/Documents/NetBeansProjects/final%20java%20project/src/pkgfinal/java/project/PanelPackege/UpdateUser.java</file>
            <file>file:/C:/Users/ibrah/Documents/NetBeansProjects/final%20java%20project/src/pkgfinal/java/project/operator.java</file>
            <file>file:/C:/Users/ibrah/Documents/NetBeansProjects/final%20java%20project/src/pkgfinal/java/project/FinalJavaProject.java</file>
            <file>file:/C:/Users/ibrah/Documents/NetBeansProjects/final%20java%20project/src/pkgfinal/java/project/PanelPackege/define.java</file>
        </group>
    </open-files>
</project-private>
